{
    "loss": 7.070738792419434,
    "accuracy": 0.5035971403121948
}