{
    "loss": 0.48816654086112976,
    "accuracy": 0.8920863270759583
}